{
   "0" : {
      "u_blurKernelSize" : 1,
      "u_blurRadius" : 1,
      "u_chromaAmount" : 1,
      "u_chromaSpeed" : 0,
      "u_feedbackAmount" : 0.70099999999999996,
      "u_feedbackScale" : 0.97499999999999998,
      "u_lutMix" : 0.52600000000000002,
      "u_randomDisplacement" : 0.0040000000000000001,
      "u_speed" : 0,
      "u_tickSensitivity" : 0.20200000000000001
   }
}
