{
   "0" : {
      "u_feedbackAmount" : 0.70099999999999996,
      "u_feedbackScale" : 0.97499999999999998,
      "u_lutMix" : 0.52600000000000002,
      "u_grainAmount": 0.02
   }
}
