{
   "0" : {
      "u_feedbackAmount" : 0,
      "u_feedbackScale" : 0.86299999999999999,
      "u_grainAmount" : 0.055,
      "u_lutMix" : 0.93899999999999995
   }
}
