{
   "0" : {
      "u_blurKernelSize" : 20,
      "u_blurRadius" : 18.91400146484375,
      "u_chromaAmount" : 100.00000762939453,
      "u_chromaSpeed" : 0.30500000715255737,
      "u_feedbackAmount" : 0.70100003480911255,
      "u_feedbackScale" : 0.90900003910064697,
      "u_lutMix" : 0.52600002288818359,
      "u_randomDisplacement" : 0.0040000001899898052,
      "u_speed" : 0,
      "u_tickSensitivity" : 0.20200000703334808
   }
}
