{
   "0" : {      
      "u_feedbackAmount" : 0.73099999999999998,
      "u_feedbackScale" : 0.90900000000000003,
      "u_grainAmount" : 0.055,
      "u_lutMix" : 0.93899999999999995            
   }
}
