{
   "0" : {
      "u_blurKernelSize" : 20,
      "u_blurRadius" : 18.914000000000001,
      "u_chromaAmount" : 1000,
      "u_chromaSpeed" : 0.249,
      "u_feedbackAmount" : 0.73099999999999998,
      "u_feedbackScale" : 0.90900000000000003,
      "u_grainAmount" : 0.055,
      "u_lutMix" : 1,
      "u_randomDisplacement" : 0.10000000000000001,
      "u_speed" : 0,
      "u_tickSensitivity" : 0.20200000000000001
   }
}
