{
   "0" : {
      "u_blurKernelSize" : 1,
      "u_blurRadius" : 1,
      "u_chromaAmount" : 1,
      "u_chromaSpeed" : 0,
      "u_feedbackAmount" : 0.71699999999999997,
      "u_feedbackScale" : 0.79800000000000004,
      "u_lutMix" : 0.61499999999999999,
      "u_randomDisplacement" : 0,
      "u_speed" : 0,
      "u_tickSensitivity" : 0.20200000000000001,
      "u_grainAmount": 0.051
   }
}
