{
   "0" : {      
      "u_feedbackAmount" : 0.71699999999999997,
      "u_feedbackScale" : 0.79800000000000004,
      "u_lutMix" : 0.61499999999999999,
      "u_grainAmount": 0.051
   }
}
